[
            {
            "name": "Checklist Name",
            "status": "Change Request",
            "createdBy": "John Doe",
            "createdAt": "2017:09:10 20:12:10"
            },
            {
            "name": "Checklist Name",
            "status": "Change Request",
            "createdBy": "John Doe",
            "createdAt": "2017:09:10 20:12:10"
            },
        {
            "name": "Checklist Name",
            "status": "close",
            "createdBy": "John Dice",
            "createdAt": "2017:09:10 20:12:10"
            }
        ]