[  
{  
   "id":"Leverage agile frameworks to provide a robust synopsis for high level overviews. Iterative approaches to corporate strategy foster collaborative thinking to further the overall value proposition",
   "name":"ABCD"
},
{  
   "id":"In this article, I’d like to reacquaint you with the humble workhorse of communication that is the paragraph. Paragraphs are everywhere",
   "name":"WXYZ"
},
{  
   "id":"Capitalize on low hanging fruit to identify a ballpark value added activity to beta test. Override the digital divide with additional clickthroughs from DevOps. Nanotechnology immersion along the information .",
   "name":"PQRS"
},
{  
   "id":"Globally incubate all of the standards compliant channels before scalable benefits. Quickly disseminate superior deliverables whereas web-enabled applications. Quickly promulgate large-sca.",
   "name":"LMNO"
}
]
